binary_id,text_size,data_size,rodata_size,bss_size,import_count,export_count,dynamic_libs,text_entropy,data_entropy,overall_entropy,suspicious_strings,url_count,ip_count,path_count,function_count,avg_function_size,max_function_size,cyclomatic_estimate,is_stripped,has_debug_info,pie_enabled,stack_canary
sim_binary_0001,115011,39855,43563,3182,22,47,3,6.2495008487226515,5.615415693807738,5.786368120865312,7,3,2,9,493,91.93074879045643,3147,16.803846617034733,0,0,1,0
sim_binary_0002,129697,65580,45440,13470,109,11,12,5.745171247240439,6.301423849740659,5.903527602720329,8,1,0,25,478,187.75965092898355,2577,12.168982053557958,1,0,1,1
sim_binary_0003,310877,41092,11757,5543,74,28,8,6.389991783048857,5.086046623600266,5.828417356714568,8,2,2,18,140,102.7802571625507,3383,5.552591908347861,0,0,1,1
sim_binary_0004,411477,17187,49270,2535,77,18,12,7.634821938077303,6.1858505078290165,6.782192590206057,8,7,4,10,211,133.483889180005,5272,14.204776082807843,1,1,1,1
sim_binary_0005,264379,86112,19144,8852,114,33,12,6.229801474004148,4.049473541991187,5.2458468726581975,6,4,0,23,393,101.22926856244281,3609,14.225933422524745,1,1,1,1
sim_binary_0006,214047,117722,30865,12059,164,36,13,6.275100940751492,6.767550134910116,6.662074419067089,12,4,3,5,143,99.53177747990313,6180,16.744599609196552,1,0,1,0
