{
  "mean": [
    1190.0,
    3.7421383647798736,
    14.475211139386573,
    18.787809592523143,
    2.307497175763889,
    201249.0998272983,
    1706317.8087856278,
    9.231475242824072,
    68897676.11540309,
    136682321.32936278,
    313925.27926543343,
    5.123385995266204,
    800.0,
    8.235835607870372,
    33.93683143012732,
    0.0,
    0.0,
    318.0,
    4.23932776954861,
    0.0,
    1.9832704131294185,
    0.012501556528524945,
    818.8499071603472,
    0.3313177458655822,
    150.3590203126736,
    300.18717300017363,
    0.12166048683341422,
    697.0616728352084,
    2467.9825424123264,
    183.1995551995139,
    34.39732191480324,
    28.7702174652662,
    34.42837298083334,
    32.82999948203704,
    33.5838321575463
  ],
  "scale": [
    1.0,
    1.0,
    3.9084562420117543,
    4.19005427716195,
    2.0938042889928217,
    127129.53908100782,
    591930.2088372,
    5.0322603850342835,
    18618227.721013475,
    37239505.45328283,
    196931.97183865434,
    2.7967718566111386,
    1.0,
    3.8114400692326704,
    4.644201381680423,
    1.0,
    1.0,
    1.0,
    3.535368854648349,
    1.0,
    0.07428142637637918,
    0.0026820936593289556,
    80.10732445949058,
    0.02149869680877975,
    19.726813347585274,
    38.0258523065788,
    0.014263497387100543,
    48.67906317793707,
    125.55027565215354,
    18.44837561296691,
    4.629208154378325,
    4.474776050395192,
    4.748336533457533,
    4.6115002376072125,
    4.85018127215372
  ],
  "features": [
    "cpu_freq_mhz",
    "cpu_gpu_freq_ratio",
    "cpu_util_avg",
    "cpu_util_max",
    "cv_util",
    "delta_branch_misses",
    "delta_cache_misses",
    "delta_context_switches",
    "delta_cycles",
    "delta_instructions",
    "delta_llc_load_misses",
    "delta_page_faults",
    "emc_freq_mhz",
    "emc_util",
    "fan_est_temp_c",
    "fan_pwm",
    "fan_rpm",
    "gpu_freq_mhz",
    "gpu_util",
    "hysteresis_state",
    "ipc",
    "mask_fan_est_temp",
    "mask_perf_branch_misses",
    "mask_perf_cache_misses",
    "mask_perf_context_switches",
    "mask_perf_cycles",
    "mask_perf_instructions",
    "mask_perf_llc_load_misses",
    "mask_perf_page_faults",
    "mask_power_cpu",
    "mask_power_cv",
    "mask_power_gpu",
    "mask_power_in",
    "mask_power_soc",
    "mask_power_sys5v",
    "mask_power_vddrq",
    "mask_temp_aux",
    "mask_temp_board",
    "mask_temp_cpu",
    "mask_temp_gpu",
    "mask_temp_ttp",
    "miss_rate",
    "p_cpu_mw",
    "p_cpu_ratio",
    "p_cv_mw",
    "p_gpu_mw",
    "p_gpu_ratio",
    "p_soc_mw",
    "p_sys5v_mw",
    "p_vddrq_mw",
    "temp_aux_c",
    "temp_board_c",
    "temp_cpu_c",
    "temp_gpu_c",
    "temp_ttp_c"
  ],
  "scaled_features": [
    "cpu_freq_mhz",
    "cpu_gpu_freq_ratio",
    "cpu_util_avg",
    "cpu_util_max",
    "cv_util",
    "delta_branch_misses",
    "delta_cache_misses",
    "delta_context_switches",
    "delta_cycles",
    "delta_instructions",
    "delta_llc_load_misses",
    "delta_page_faults",
    "emc_freq_mhz",
    "emc_util",
    "fan_est_temp_c",
    "fan_pwm",
    "fan_rpm",
    "gpu_freq_mhz",
    "gpu_util",
    "hysteresis_state",
    "ipc",
    "miss_rate",
    "p_cpu_mw",
    "p_cpu_ratio",
    "p_cv_mw",
    "p_gpu_mw",
    "p_gpu_ratio",
    "p_soc_mw",
    "p_sys5v_mw",
    "p_vddrq_mw",
    "temp_aux_c",
    "temp_board_c",
    "temp_cpu_c",
    "temp_gpu_c",
    "temp_ttp_c"
  ],
  "mask_features": [
    "mask_fan_est_temp",
    "mask_perf_branch_misses",
    "mask_perf_cache_misses",
    "mask_perf_context_switches",
    "mask_perf_cycles",
    "mask_perf_instructions",
    "mask_perf_llc_load_misses",
    "mask_perf_page_faults",
    "mask_power_cpu",
    "mask_power_cv",
    "mask_power_gpu",
    "mask_power_in",
    "mask_power_soc",
    "mask_power_sys5v",
    "mask_power_vddrq",
    "mask_temp_aux",
    "mask_temp_board",
    "mask_temp_cpu",
    "mask_temp_gpu",
    "mask_temp_ttp"
  ]
}
