{
  "mean": [
    1190.0,
    3.742138364779876,
    14.554388457170141,
    18.86188995329861,
    2.2955755847656243,
    205789.5578696163,
    1714302.8439775044,
    9.410767914878472,
    69272062.90631317,
    137440386.79684266,
    320750.5568054747,
    5.208490857569444,
    800.0,
    8.192481072560765,
    36.238126712309025,
    0.0,
    0.0,
    318.0,
    4.282750206076389,
    0.0,
    1.9833480669138033,
    0.012486764829738982,
    822.0940251392707,
    0.3307941714597022,
    151.1261927392709,
    297.05431160544265,
    0.11969994909175229,
    710.193656449948,
    2482.0426477627343,
    183.22464834890621,
    36.67065006923611,
    30.968570011250005,
    36.859974842300346,
    35.0371706169618,
    35.778092575824644
  ],
  "scale": [
    1.0,
    1.0,
    3.8855345489414344,
    4.16319668474252,
    2.0875813203064184,
    125717.90936045397,
    589845.491616229,
    4.92959757113595,
    18517201.223447394,
    37019895.150943995,
    194489.8827151997,
    2.734564662582869,
    1.0,
    3.811616284651148,
    5.364908737142114,
    1.0,
    1.0,
    1.0,
    3.554142813352504,
    1.0,
    0.07800144778989668,
    0.0026898792767927238,
    79.1026876151114,
    0.021555402740654348,
    19.535027088951455,
    38.07763672350101,
    0.01419528077809322,
    53.444764595141564,
    125.4808929714226,
    20.219992768512196,
    5.310512442819921,
    5.379722352401161,
    5.4402296488567305,
    5.4104672024829,
    5.452710275077935
  ],
  "features": [
    "cpu_freq_mhz",
    "cpu_gpu_freq_ratio",
    "cpu_util_avg",
    "cpu_util_max",
    "cv_util",
    "delta_branch_misses",
    "delta_cache_misses",
    "delta_context_switches",
    "delta_cycles",
    "delta_instructions",
    "delta_llc_load_misses",
    "delta_page_faults",
    "emc_freq_mhz",
    "emc_util",
    "fan_est_temp_c",
    "fan_pwm",
    "fan_rpm",
    "gpu_freq_mhz",
    "gpu_util",
    "hysteresis_state",
    "ipc",
    "mask_fan_est_temp",
    "mask_perf_branch_misses",
    "mask_perf_cache_misses",
    "mask_perf_context_switches",
    "mask_perf_cycles",
    "mask_perf_instructions",
    "mask_perf_llc_load_misses",
    "mask_perf_page_faults",
    "mask_power_cpu",
    "mask_power_cv",
    "mask_power_gpu",
    "mask_power_in",
    "mask_power_soc",
    "mask_power_sys5v",
    "mask_power_vddrq",
    "mask_temp_aux",
    "mask_temp_board",
    "mask_temp_cpu",
    "mask_temp_gpu",
    "mask_temp_ttp",
    "miss_rate",
    "p_cpu_mw",
    "p_cpu_ratio",
    "p_cv_mw",
    "p_gpu_mw",
    "p_gpu_ratio",
    "p_soc_mw",
    "p_sys5v_mw",
    "p_vddrq_mw",
    "temp_aux_c",
    "temp_board_c",
    "temp_cpu_c",
    "temp_gpu_c",
    "temp_ttp_c"
  ],
  "scaled_features": [
    "cpu_freq_mhz",
    "cpu_gpu_freq_ratio",
    "cpu_util_avg",
    "cpu_util_max",
    "cv_util",
    "delta_branch_misses",
    "delta_cache_misses",
    "delta_context_switches",
    "delta_cycles",
    "delta_instructions",
    "delta_llc_load_misses",
    "delta_page_faults",
    "emc_freq_mhz",
    "emc_util",
    "fan_est_temp_c",
    "fan_pwm",
    "fan_rpm",
    "gpu_freq_mhz",
    "gpu_util",
    "hysteresis_state",
    "ipc",
    "miss_rate",
    "p_cpu_mw",
    "p_cpu_ratio",
    "p_cv_mw",
    "p_gpu_mw",
    "p_gpu_ratio",
    "p_soc_mw",
    "p_sys5v_mw",
    "p_vddrq_mw",
    "temp_aux_c",
    "temp_board_c",
    "temp_cpu_c",
    "temp_gpu_c",
    "temp_ttp_c"
  ],
  "mask_features": [
    "mask_fan_est_temp",
    "mask_perf_branch_misses",
    "mask_perf_cache_misses",
    "mask_perf_context_switches",
    "mask_perf_cycles",
    "mask_perf_instructions",
    "mask_perf_llc_load_misses",
    "mask_perf_page_faults",
    "mask_power_cpu",
    "mask_power_cv",
    "mask_power_gpu",
    "mask_power_in",
    "mask_power_soc",
    "mask_power_sys5v",
    "mask_power_vddrq",
    "mask_temp_aux",
    "mask_temp_board",
    "mask_temp_cpu",
    "mask_temp_gpu",
    "mask_temp_ttp"
  ]
}
