{
  "train_loss_last": 0.49793092906475067,
  "val_loss_last": 0.8474910855293274,
  "threshold": 0.7705318331718445,
  "threshold_percentile": 95.0,
  "threshold_source": "train",
  "anomaly_mode": "trojan",
  "classification_report": {
    "0": {
      "precision": 0.49264705882352944,
      "recall": 0.5982142857142857,
      "f1-score": 0.5403225806451613,
      "support": 112.0
    },
    "1": {
      "precision": 0.9305555555555556,
      "recall": 0.8973214285714286,
      "f1-score": 0.9136363636363637,
      "support": 672.0
    },
    "accuracy": 0.8545918367346939,
    "macro avg": {
      "precision": 0.7116013071895425,
      "recall": 0.7477678571428572,
      "f1-score": 0.7269794721407625,
      "support": 784.0
    },
    "weighted avg": {
      "precision": 0.8679971988795518,
      "recall": 0.8545918367346939,
      "f1-score": 0.860305823209049,
      "support": 784.0
    }
  },
  "auc": 0.8838887117346939,
  "num_train_windows": 112,
  "num_val_windows": 112,
  "num_test_windows": 784,
  "test_label_counts": {
    "trojan_compute": 224,
    "trojan_memory": 224,
    "trojan_io": 224,
    "normal": 112
  }
}