{
  "mean": [
    1190.0,
    3.742138364779875,
    14.595009992208587,
    18.907541872975457,
    2.2997496198466245,
    202957.54608421365,
    1715650.7019017155,
    9.251473540460122,
    69468077.72514337,
    137889235.9378058,
    315422.8081639195,
    5.113277358957055,
    800.0,
    8.128921475429449,
    31.733875876625767,
    0.0,
    0.0,
    318.0,
    4.18827103684049,
    0.0,
    1.984309418276455,
    0.012455255370884615,
    820.1102141300307,
    0.33236557728467625,
    150.37502134754604,
    293.87771816776075,
    0.11931367900540404,
    697.3679931727607,
    2463.8403734078834,
    184.66709883757667,
    32.196319820122696,
    26.44697243033742,
    32.24393566104294,
    30.6057901652454,
    31.369626583803683
  ],
  "scale": [
    1.0,
    1.0,
    3.907856234080787,
    4.177095603980183,
    2.0690026205344254,
    128000.88509085834,
    593667.9385127027,
    5.050969666501348,
    18615268.887510892,
    37265119.21838685,
    197827.00255692226,
    2.7977192974584377,
    1.0,
    3.808572618333136,
    0.7993415118782317,
    1.0,
    1.0,
    1.0,
    3.522505838190549,
    1.0,
    0.07476144987134119,
    0.002670224112529915,
    79.45482525334187,
    0.020704460042281034,
    18.374583648639323,
    38.27967162841352,
    0.014487672514830264,
    47.607457750744075,
    125.23273228881172,
    18.214190978397564,
    0.8303321062935914,
    0.3571009738754964,
    0.935580459874021,
    0.9033237182061888,
    1.470784190769247
  ],
  "features": [
    "cpu_freq_mhz",
    "cpu_gpu_freq_ratio",
    "cpu_util_avg",
    "cpu_util_max",
    "cv_util",
    "delta_branch_misses",
    "delta_cache_misses",
    "delta_context_switches",
    "delta_cycles",
    "delta_instructions",
    "delta_llc_load_misses",
    "delta_page_faults",
    "emc_freq_mhz",
    "emc_util",
    "fan_est_temp_c",
    "fan_pwm",
    "fan_rpm",
    "gpu_freq_mhz",
    "gpu_util",
    "hysteresis_state",
    "ipc",
    "mask_fan_est_temp",
    "mask_perf_branch_misses",
    "mask_perf_cache_misses",
    "mask_perf_context_switches",
    "mask_perf_cycles",
    "mask_perf_instructions",
    "mask_perf_llc_load_misses",
    "mask_perf_page_faults",
    "mask_power_cpu",
    "mask_power_cv",
    "mask_power_gpu",
    "mask_power_in",
    "mask_power_soc",
    "mask_power_sys5v",
    "mask_power_vddrq",
    "mask_temp_aux",
    "mask_temp_board",
    "mask_temp_cpu",
    "mask_temp_gpu",
    "mask_temp_ttp",
    "miss_rate",
    "p_cpu_mw",
    "p_cpu_ratio",
    "p_cv_mw",
    "p_gpu_mw",
    "p_gpu_ratio",
    "p_soc_mw",
    "p_sys5v_mw",
    "p_vddrq_mw",
    "temp_aux_c",
    "temp_board_c",
    "temp_cpu_c",
    "temp_gpu_c",
    "temp_ttp_c"
  ],
  "scaled_features": [
    "cpu_freq_mhz",
    "cpu_gpu_freq_ratio",
    "cpu_util_avg",
    "cpu_util_max",
    "cv_util",
    "delta_branch_misses",
    "delta_cache_misses",
    "delta_context_switches",
    "delta_cycles",
    "delta_instructions",
    "delta_llc_load_misses",
    "delta_page_faults",
    "emc_freq_mhz",
    "emc_util",
    "fan_est_temp_c",
    "fan_pwm",
    "fan_rpm",
    "gpu_freq_mhz",
    "gpu_util",
    "hysteresis_state",
    "ipc",
    "miss_rate",
    "p_cpu_mw",
    "p_cpu_ratio",
    "p_cv_mw",
    "p_gpu_mw",
    "p_gpu_ratio",
    "p_soc_mw",
    "p_sys5v_mw",
    "p_vddrq_mw",
    "temp_aux_c",
    "temp_board_c",
    "temp_cpu_c",
    "temp_gpu_c",
    "temp_ttp_c"
  ],
  "mask_features": [
    "mask_fan_est_temp",
    "mask_perf_branch_misses",
    "mask_perf_cache_misses",
    "mask_perf_context_switches",
    "mask_perf_cycles",
    "mask_perf_instructions",
    "mask_perf_llc_load_misses",
    "mask_perf_page_faults",
    "mask_power_cpu",
    "mask_power_cv",
    "mask_power_gpu",
    "mask_power_in",
    "mask_power_soc",
    "mask_power_sys5v",
    "mask_power_vddrq",
    "mask_temp_aux",
    "mask_temp_board",
    "mask_temp_cpu",
    "mask_temp_gpu",
    "mask_temp_ttp"
  ]
}
