{
  "mean": [
    1190.0,
    3.742138364779875,
    14.539931588787526,
    18.844731317621246,
    2.3308108906928413,
    202509.37168806905,
    1712981.9066641654,
    9.269934472193993,
    69205493.50409871,
    137311436.12199175,
    315691.6165538677,
    5.131856949884526,
    800.0,
    8.209153721235564,
    34.79577419965358,
    0.0,
    0.0,
    318.0,
    4.23124256721709,
    0.0,
    1.983483724905369,
    0.012497258946437386,
    824.4118388029561,
    0.3321286680584096,
    151.44650954247112,
    298.10283894272516,
    0.12030365748645307,
    702.8752632188338,
    2478.7230276608316,
    182.30411005113163,
    35.277683190288684,
    29.709019105311775,
    35.324990693903004,
    33.62258811807159,
    34.37163408655889
  ],
  "scale": [
    1.0,
    1.0,
    3.8905396068466254,
    4.169930206453736,
    2.102503676132537,
    126950.55288482508,
    588366.9264660717,
    5.023723040630681,
    18533818.268493257,
    37088941.443921246,
    196414.50289058324,
    2.7871622240396934,
    1.0,
    3.812616170573091,
    5.285799291688651,
    1.0,
    1.0,
    1.0,
    3.5183359971920325,
    1.0,
    0.07472326068627852,
    0.0026786825283804097,
    80.18956353847557,
    0.021454232026740846,
    19.845895062539768,
    37.10532002996688,
    0.013938006218356815,
    49.15215645592152,
    125.70050119212723,
    20.189273958786902,
    5.249347993435424,
    5.061607824343831,
    5.3927955134414205,
    5.272585169923458,
    5.397052260436834
  ],
  "features": [
    "cpu_freq_mhz",
    "cpu_gpu_freq_ratio",
    "cpu_util_avg",
    "cpu_util_max",
    "cv_util",
    "delta_branch_misses",
    "delta_cache_misses",
    "delta_context_switches",
    "delta_cycles",
    "delta_instructions",
    "delta_llc_load_misses",
    "delta_page_faults",
    "emc_freq_mhz",
    "emc_util",
    "fan_est_temp_c",
    "fan_pwm",
    "fan_rpm",
    "gpu_freq_mhz",
    "gpu_util",
    "hysteresis_state",
    "ipc",
    "mask_fan_est_temp",
    "mask_perf_branch_misses",
    "mask_perf_cache_misses",
    "mask_perf_context_switches",
    "mask_perf_cycles",
    "mask_perf_instructions",
    "mask_perf_llc_load_misses",
    "mask_perf_page_faults",
    "mask_power_cpu",
    "mask_power_cv",
    "mask_power_gpu",
    "mask_power_in",
    "mask_power_soc",
    "mask_power_sys5v",
    "mask_power_vddrq",
    "mask_temp_aux",
    "mask_temp_board",
    "mask_temp_cpu",
    "mask_temp_gpu",
    "mask_temp_ttp",
    "miss_rate",
    "p_cpu_mw",
    "p_cpu_ratio",
    "p_cv_mw",
    "p_gpu_mw",
    "p_gpu_ratio",
    "p_soc_mw",
    "p_sys5v_mw",
    "p_vddrq_mw",
    "temp_aux_c",
    "temp_board_c",
    "temp_cpu_c",
    "temp_gpu_c",
    "temp_ttp_c"
  ],
  "scaled_features": [
    "cpu_freq_mhz",
    "cpu_gpu_freq_ratio",
    "cpu_util_avg",
    "cpu_util_max",
    "cv_util",
    "delta_branch_misses",
    "delta_cache_misses",
    "delta_context_switches",
    "delta_cycles",
    "delta_instructions",
    "delta_llc_load_misses",
    "delta_page_faults",
    "emc_freq_mhz",
    "emc_util",
    "fan_est_temp_c",
    "fan_pwm",
    "fan_rpm",
    "gpu_freq_mhz",
    "gpu_util",
    "hysteresis_state",
    "ipc",
    "miss_rate",
    "p_cpu_mw",
    "p_cpu_ratio",
    "p_cv_mw",
    "p_gpu_mw",
    "p_gpu_ratio",
    "p_soc_mw",
    "p_sys5v_mw",
    "p_vddrq_mw",
    "temp_aux_c",
    "temp_board_c",
    "temp_cpu_c",
    "temp_gpu_c",
    "temp_ttp_c"
  ],
  "mask_features": [
    "mask_fan_est_temp",
    "mask_perf_branch_misses",
    "mask_perf_cache_misses",
    "mask_perf_context_switches",
    "mask_perf_cycles",
    "mask_perf_instructions",
    "mask_perf_llc_load_misses",
    "mask_perf_page_faults",
    "mask_power_cpu",
    "mask_power_cv",
    "mask_power_gpu",
    "mask_power_in",
    "mask_power_soc",
    "mask_power_sys5v",
    "mask_power_vddrq",
    "mask_temp_aux",
    "mask_temp_board",
    "mask_temp_cpu",
    "mask_temp_gpu",
    "mask_temp_ttp"
  ]
}
